"State","State","43834.0","43841.0","43848.0","43855.0","43862.0","43869.0","43876.0","43883.0","43890.0","43897.0","43904.0","43911.0","43918.0","43925.0","43932.0","43939.0","43946.0","43953.0","43960.0","43967.0","43974.0","43981.0","43988.0","43995.0","44002.0","44009.0","44016.0","44023.0","44030.0","44037.0","44044.0","44051.0","44058.0","","43834.0","43841.0","43848.0","43855.0","43862.0","43869.0","43876.0","43883.0","43890.0","43897.0","43904.0","43911.0","43918.0","43925.0","43932.0","43939.0","43946.0","43953.0","43960.0","43967.0","43974.0","43981.0","43988.0","43995.0","44002.0","44009.0","44016.0","44023.0","44030.0","44037.0","44044.0","44051.0","44058.0","","43834.0","43841.0","43848.0","43855.0","43862.0","43869.0","43876.0","43883.0","43890.0","43897.0","43904.0","43911.0","43918.0","43925.0","43932.0","43939.0","43946.0","43953.0","43960.0","43967.0","43974.0","43981.0","43988.0","43995.0","44002.0","44009.0","44016.0","44023.0","44030.0","44037.0","44044.0","44051.0","44058.0"
"AL","Alabama","18523.0","21143.0","17402.0","18390.0","17284.0","16745.0","16571.0","16059.0","14721.0","13657.0","13070.0","12487.0","18083.0","52176.0","95325.0","144327.0","173855.0","214684.0","216856.0","203677.0","190205.0","183565.0","180245.0","163982.0","150002.0","141450.0","138272.0","117388.0","105644.0","94069.0","84070.0","70412.0","58275.0","","1923741.0","1923741.0","1923741.0","1923741.0","1923741.0","1923741.0","1923741.0","1923741.0","1923741.0","1923741.0","1923741.0","1923741.0","1923741.0","1923741.0","1929897.0","1929897.0","1929897.0","1929897.0","1929897.0","1929897.0","1929897.0","1929897.0","1929897.0","1929897.0","1929897.0","1929897.0","1929897.0","1935262.0","1935262.0","1935262.0","1935262.0","1935262.0","1935262.0","","0.96","1.1","0.9","0.96","0.9","0.87","0.86","0.83","0.77","0.71","0.68","0.65","0.94","2.71","4.94","7.48","9.01","11.12","11.24","10.55","9.86","9.51","9.34","8.5","7.77","7.33","7.16","6.07","5.46","4.86","4.34","3.64","3.01"
"AK","Alaska","10177.0","9310.0","9984.0","9496.0","9579.0","9161.0","9343.0","8864.0","8938.0","8266.0","8522.0","8512.0","11173.0","19845.0","35365.0","48096.0","52022.0","49893.0","50791.0","50049.0","48000.0","47344.0","47123.0","45792.0","44380.0","43208.0","42110.0","43225.0","41685.0","40596.0","39002.0","34442.0","32899.0","","306493.0","307329.0","307329.0","307329.0","307329.0","307329.0","307329.0","307329.0","307329.0","307329.0","307329.0","307329.0","307329.0","307329.0","308137.0","308137.0","308137.0","308137.0","308137.0","308137.0","308137.0","308137.0","308137.0","308137.0","308137.0","308137.0","308137.0","308691.0","308691.0","308691.0","308691.0","308691.0","308691.0","","3.32","3.03","3.25","3.09","3.12","2.98","3.04","2.88","2.91","2.69","2.77","2.77","3.64","6.46","11.48","15.61","16.88","16.19","16.48","16.24","15.58","15.36","15.29","14.86","14.4","14.02","13.67","14.0","13.5","13.15","12.63","11.16","10.66"
"AZ","Arizona","17991.0","18259.0","18421.0","18401.0","18854.0","18461.0","18516.0","18217.0","18137.0","17593.0","17595.0","18108.0","26387.0","62597.0","120592.0","170262.0","196401.0","218760.0","228806.0","230566.0","217968.0","209944.0","210605.0","209529.0","217934.0","217505.0","216603.0","227419.0","229352.0","230822.0","232497.0","219459.0","211212.0","","2864180.0","2864180.0","2864180.0","2864180.0","2864180.0","2864180.0","2864180.0","2864180.0","2864180.0","2864180.0","2864180.0","2864180.0","2864180.0","2864180.0","2864180.0","2885408.0","2885408.0","2885408.0","2885408.0","2885408.0","2885408.0","2885408.0","2885408.0","2885408.0","2885408.0","2885408.0","2885408.0","2905807.0","2905807.0","2905807.0","2905807.0","2905807.0","2905807.0","","0.63","0.64","0.64","0.64","0.66","0.64","0.65","0.64","0.63","0.61","0.61","0.63","0.92","2.19","4.21","5.9","6.81","7.58","7.93","7.99","7.55","7.28","7.3","7.26","7.55","7.54","7.51","7.83","7.89","7.94","8.0","7.55","7.27"
"AR","Arkansas","15323.0","15536.0","13229.0","12331.0","13210.0","12964.0","12979.0","12546.0","12244.0","11618.0","11514.0","10988.0","16148.0","36499.0","66511.0","91278.0","109337.0","119332.0","122522.0","122408.0","120043.0","115365.0","115482.0","113623.0","112189.0","108691.0","104692.0","99083.0","100026.0","94113.0","79564.0","62402.0","52946.0","","1193713.0","1195622.0","1195622.0","1195622.0","1195622.0","1195622.0","1195622.0","1195622.0","1195622.0","1195622.0","1195622.0","1195622.0","1195622.0","1195622.0","1196468.0","1196468.0","1196468.0","1196468.0","1196468.0","1196468.0","1196468.0","1196468.0","1196468.0","1196468.0","1196468.0","1196468.0","1196468.0","1197760.0","1197760.0","1197760.0","1197760.0","1197760.0","1197760.0","","1.28","1.3","1.11","1.03","1.1","1.08","1.09","1.05","1.02","0.97","0.96","0.92","1.35","3.05","5.56","7.63","9.14","9.97","10.24","10.23","10.03","9.64","9.65","9.5","9.38","9.08","8.75","8.27","8.35","7.86","6.64","5.21","4.42"
"CA","California","359606.0","356376.0","376947.0","336269.0","388341.0","359156.0","375305.0","349252.0","369988.0","378864.0","351344.0","421912.0","400565.0","1076761.0","1429954.0","2422458.0","1887575.0","4808361.0","2850204.0","3565153.0","2155310.0","2752401.0","2812484.0","3001413.0","2779425.0","2901601.0","2758474.0","2946807.0","2704904.0","3140619.0","2789482.0","2961188.0","2806840.0","","17203829.0","17265039.0","17265039.0","17265039.0","17265039.0","17265039.0","17265039.0","17265039.0","17265039.0","17265039.0","17265039.0","17265039.0","17265039.0","17265039.0","17330010.0","17330010.0","17330010.0","17330010.0","17330010.0","17330010.0","17330010.0","17330010.0","17330010.0","17330010.0","17330010.0","17330010.0","17330010.0","17396834.0","17396834.0","17396834.0","17396834.0","17396834.0","17396834.0","","2.09","2.06","2.18","1.95","2.25","2.08","2.17","2.02","2.14","2.19","2.04","2.44","2.32","6.24","8.25","13.98","10.89","27.75","16.45","20.57","12.44","15.88","16.23","17.32","16.04","16.74","15.92","16.94","15.55","18.05","16.03","17.02","16.13"
"CO","Colorado","21391.0","21492.0","21104.0","22738.0","21560.0","22881.0","22076.0","23694.0","22409.0","22908.0","21260.0","21309.0","21956.0","73584.0","166593.0","171434.0","228713.0","228683.0","261951.0","246507.0","265499.0","244600.0","263810.0","242785.0","259341.0","237236.0","246108.0","228224.0","239098.0","224204.0","224130.0","198702.0","197296.0","","2635231.0","2650335.0","2650335.0","2650335.0","2650335.0","2650335.0","2650335.0","2650335.0","2650335.0","2650335.0","2650335.0","2650335.0","2650335.0","2650335.0","2666358.0","2666358.0","2666358.0","2666358.0","2666358.0","2666358.0","2666358.0","2666358.0","2666358.0","2666358.0","2666358.0","2666358.0","2666358.0","2681376.0","2681376.0","2681376.0","2681376.0","2681376.0","2681376.0","","0.81","0.81","0.8","0.86","0.81","0.86","0.83","0.89","0.85","0.86","0.8","0.8","0.83","2.78","6.25","6.43","8.58","8.58","9.82","9.25","9.96","9.17","9.89","9.11","9.73","8.9","9.23","8.51","8.92","8.36","8.36","7.41","7.36"
"CT","Connecticut","46562.0","47540.0","42483.0","41760.0","41725.0","41633.0","39384.0","41691.0","42168.0","40638.0","39786.0","44194.0","80861.0","147939.0","189196.0","306047.0","309111.0","297549.0","319529.0","297088.0","272695.0","248663.0","269117.0","260518.0","250774.0","247195.0","251926.0","254461.0","249732.0","251760.0","252297.0","231207.0","224521.0","","1655540.0","1654391.0","1654391.0","1654391.0","1654391.0","1654391.0","1654391.0","1654391.0","1654391.0","1654391.0","1654391.0","1654391.0","1654391.0","1654391.0","1653302.0","1653302.0","1653302.0","1653302.0","1653302.0","1653302.0","1653302.0","1653302.0","1653302.0","1653302.0","1653302.0","1653302.0","1653302.0","1652033.0","1652033.0","1652033.0","1652033.0","1652033.0","1652033.0","","2.81","2.87","2.57","2.52","2.52","2.52","2.38","2.52","2.55","2.46","2.4","2.67","4.89","8.94","11.44","18.51","18.7","18.0","19.33","17.97","16.49","15.04","16.28","15.76","15.17","14.95","15.24","15.4","15.12","15.24","15.27","14.0","13.59"
"DE","Delaware","6881.0","7083.0","5967.0","5703.0","6830.0","5888.0","5917.0","5921.0","6742.0","5480.0","5310.0","5297.0","11506.0","19442.0","29577.0","38451.0","44977.0","52501.0","50205.0","51010.0","50780.0","55172.0","49659.0","47115.0","45112.0","44034.0","45598.0","42194.0","41572.0","40923.0","42352.0","36026.0","35186.0","","441663.0","443288.0","443288.0","443288.0","443288.0","443288.0","443288.0","443288.0","443288.0","443288.0","443288.0","443288.0","443288.0","443288.0","445741.0","445741.0","445741.0","445741.0","445741.0","445741.0","445741.0","445741.0","445741.0","445741.0","445741.0","445741.0","445741.0","446976.0","446976.0","446976.0","446976.0","446976.0","446976.0","","1.56","1.6","1.35","1.29","1.54","1.33","1.33","1.34","1.52","1.24","1.2","1.19","2.6","4.39","6.64","8.63","10.09","11.78","11.26","11.44","11.39","12.38","11.14","10.57","10.12","9.88","10.23","9.44","9.3","9.16","9.48","8.06","7.87"
"DC","District of Columbia","7198.0","7102.0","7271.0","7149.0","7139.0","7156.0","7079.0","7003.0","7020.0","6792.0","6746.0","7378.0","17661.0","31385.0","42224.0","47465.0","52534.0","58634.0","65298.0","68844.0","70103.0","70671.0","72023.0","72934.0","72927.0","72807.0","72802.0","72525.0","73115.0","72710.0","72931.0","70887.0","69640.0","","576878.0","578035.0","578035.0","578035.0","578035.0","578035.0","578035.0","578035.0","578035.0","578035.0","578035.0","578035.0","578035.0","578035.0","579419.0","579419.0","579419.0","579419.0","579419.0","579419.0","579419.0","579419.0","579419.0","579419.0","579419.0","579419.0","579419.0","580956.0","580956.0","580956.0","580956.0","580956.0","580956.0","","1.25","1.23","1.26","1.24","1.24","1.24","1.22","1.21","1.21","1.18","1.17","1.28","3.06","5.43","7.29","8.19","9.07","10.12","11.27","11.88","12.1","12.2","12.43","12.59","12.59","12.57","12.56","12.48","12.59","12.52","12.55","12.2","11.99"
"FL","Florida","36189.0","35024.0","34718.0","33347.0","35871.0","33176.0","34449.0","33570.0","33421.0","32262.0","32244.0","33728.0","35076.0","98921.0","339448.0","177021.0","540554.0","444561.0","1035207.0","2151108.0","529384.0","630640.0","966625.0","920202.0","995792.0","741344.0","581952.0","914801.0","748004.0","691070.0","631163.0","567987.0","512527.0","","8608066.0","8604277.0","8604277.0","8604277.0","8604277.0","8604277.0","8604277.0","8604277.0","8604277.0","8604277.0","8604277.0","8604277.0","8604277.0","8604277.0","8590846.0","8590846.0","8590846.0","8590846.0","8590846.0","8590846.0","8590846.0","8590846.0","8590846.0","8590846.0","8590846.0","8590846.0","8590846.0","8732627.0","8732627.0","8732627.0","8732627.0","8732627.0","8732627.0","","0.42","0.41","0.4","0.39","0.42","0.39","0.4","0.39","0.39","0.37","0.37","0.39","0.41","1.15","3.95","2.06","6.29","5.17","12.05","25.04","6.16","7.34","11.25","10.71","11.59","8.63","6.77","10.48","8.57","7.91","7.23","6.5","5.87"
"GA","Georgia","38704.0","47482.0","32079.0","28998.0","28332.0","26984.0","27317.0","26963.0","26958.0","25079.0","25352.0","27507.0","107877.0","360077.0","595418.0","611889.0","758856.0","885764.0","812913.0","790178.0","731762.0","754833.0","698154.0","682501.0","669735.0","661233.0","619947.0","792717.0","703153.0","636912.0","633988.0","572455.0","555479.0","","4353840.0","4373059.0","4373059.0","4373059.0","4373059.0","4373059.0","4373059.0","4373059.0","4373059.0","4373059.0","4373059.0","4373059.0","4373059.0","4373059.0","4388404.0","4388404.0","4388404.0","4388404.0","4388404.0","4388404.0","4388404.0","4388404.0","4388404.0","4388404.0","4388404.0","4388404.0","4388404.0","4406223.0","4406223.0","4406223.0","4406223.0","4406223.0","4406223.0","","0.89","1.09","0.73","0.66","0.65","0.62","0.62","0.62","0.62","0.57","0.58","0.63","2.47","8.23","13.57","13.94","17.29","20.18","18.52","18.01","16.67","17.2","15.91","15.55","15.26","15.07","14.13","17.99","15.96","14.45","14.39","12.99","12.61"
"HI","Hawaii","6813.0","7849.0","6623.0","6407.0","6070.0","6205.0","6121.0","6223.0","5951.0","6047.0","6204.0","6477.0","10997.0","32226.0","48305.0","72261.0","68637.0","88110.0","110922.0","145711.0","128086.0","124939.0","125568.0","114119.0","132466.0","128990.0","123633.0","128650.0","130769.0","130209.0","131334.0","123914.0","123135.0","","623074.0","621949.0","621949.0","621949.0","621949.0","621949.0","621949.0","621949.0","621949.0","621949.0","621949.0","621949.0","621949.0","621949.0","621474.0","621474.0","621474.0","621474.0","621474.0","621474.0","621474.0","621474.0","621474.0","621474.0","621474.0","621474.0","621474.0","620739.0","620739.0","620739.0","620739.0","620739.0","620739.0","","1.09","1.26","1.06","1.03","0.98","1.0","0.98","1.0","0.96","0.97","1.0","1.04","1.77","5.18","7.77","11.63","11.04","14.18","17.85","23.45","20.61","20.1","20.2","18.36","21.31","20.76","19.89","20.73","21.07","20.98","21.16","19.96","19.84"
"ID","Idaho","8854.0","11483.0","11931.0","11833.0","11337.0","11389.0","11334.0","11275.0","10587.0","10167.0","9336.0","7869.0","15523.0","35915.0","59139.0","67722.0","71416.0","71794.0","65478.0","60121.0","56692.0","51035.0","47779.0","36764.0","33060.0","30886.0","29090.0","28766.0","27622.0","26445.0","25369.0","20263.0","18772.0","","722812.0","727996.0","727996.0","727996.0","727996.0","727996.0","727996.0","727996.0","727996.0","727996.0","727996.0","727996.0","727996.0","727996.0","733499.0","733499.0","733499.0","733499.0","733499.0","733499.0","733499.0","733499.0","733499.0","733499.0","733499.0","733499.0","733499.0","744799.0","744799.0","744799.0","744799.0","744799.0","744799.0","","1.22","1.58","1.64","1.63","1.56","1.56","1.56","1.55","1.45","1.4","1.28","1.08","2.13","4.93","8.06","9.23","9.74","9.79","8.93","8.2","7.73","6.96","6.51","5.01","4.51","4.21","3.97","3.86","3.71","3.55","3.41","2.72","2.52"
"IL","Illinois","125348.0","136523.0","133967.0","131469.0","143239.0","130900.0","133765.0","131171.0","132123.0","136396.0","130293.0","125422.0","132058.0","263018.0","452826.0","569200.0","681002.0","695971.0","755912.0","733542.0","762367.0","719779.0","741738.0","710279.0","705839.0","676722.0","667460.0","664763.0","655951.0","648727.0","631032.0","617131.0","604288.0","","5902475.0","5910898.0","5910898.0","5910898.0","5910898.0","5910898.0","5910898.0","5910898.0","5910898.0","5910898.0","5910898.0","5910898.0","5910898.0","5910898.0","5914575.0","5914575.0","5914575.0","5914575.0","5914575.0","5914575.0","5914575.0","5914575.0","5914575.0","5914575.0","5914575.0","5914575.0","5914575.0","5917347.0","5917347.0","5917347.0","5917347.0","5917347.0","5917347.0","","2.12","2.31","2.27","2.22","2.42","2.21","2.26","2.22","2.24","2.31","2.2","2.12","2.23","4.45","7.66","9.62","11.51","11.77","12.78","12.4","12.89","12.17","12.54","12.01","11.93","11.44","11.29","11.23","11.09","10.96","10.66","10.43","10.21"
"IN","Indiana","20062.0","21524.0","21626.0","21366.0","22017.0","22212.0","22352.0","22913.0","22994.0","22586.0","21473.0","20778.0","28987.0","71737.0","147583.0","206386.0","253929.0","271248.0","285460.0","270385.0","253536.0","233869.0","221056.0","211255.0","201242.0","191288.0","183968.0","190169.0","190854.0","228226.0","223895.0","199336.0","183083.0","","3034091.0","3039304.0","3039304.0","3039304.0","3039304.0","3039304.0","3039304.0","3039304.0","3039304.0","3039304.0","3039304.0","3039304.0","3039304.0","3039304.0","3041986.0","3041986.0","3041986.0","3041986.0","3041986.0","3041986.0","3041986.0","3041986.0","3041986.0","3041986.0","3041986.0","3041986.0","3041986.0","3046268.0","3046268.0","3046268.0","3046268.0","3046268.0","3046268.0","","0.66","0.71","0.71","0.7","0.72","0.73","0.74","0.75","0.76","0.74","0.71","0.68","0.95","2.36","4.85","6.78","8.35","8.92","9.38","8.89","8.33","7.69","7.27","6.94","6.62","6.29","6.05","6.24","6.27","7.49","7.35","6.54","6.01"
"IA","Iowa","34549.0","34540.0","29625.0","30369.0","30890.0","30789.0","30799.0","30741.0","30516.0","29424.0","27816.0","26496.0","53650.0","91631.0","127332.0","150445.0","168971.0","179610.0","189643.0","184641.0","178559.0","162562.0","158268.0","152739.0","152781.0","141748.0","134215.0","134284.0","115930.0","110042.0","104316.0","92100.0","82442.0","","1529213.0","1530920.0","1530920.0","1530920.0","1530920.0","1530920.0","1530920.0","1530920.0","1530920.0","1530920.0","1530920.0","1530920.0","1530920.0","1530920.0","1531621.0","1531621.0","1531621.0","1531621.0","1531621.0","1531621.0","1531621.0","1531621.0","1531621.0","1531621.0","1531621.0","1531621.0","1531621.0","1532562.0","1532562.0","1532562.0","1532562.0","1532562.0","1532562.0","","2.26","2.26","1.94","1.98","2.02","2.01","2.01","2.01","1.99","1.92","1.82","1.73","3.5","5.99","8.31","9.82","11.03","11.73","12.38","12.06","11.66","10.61","10.33","9.97","9.98","9.25","8.76","8.76","7.56","7.18","6.81","6.01","5.38"
"KS","Kansas","11175.0","11431.0","10638.0","11182.0","12301.0","11809.0","11666.0","12003.0","11505.0","11003.0","9771.0","9973.0","17558.0","51425.0","78334.0","97478.0","119022.0","120701.0","117977.0","108565.0","104553.0","99948.0","91070.0","83881.0","81173.0","79455.0","82694.0","81561.0","85734.0","78979.0","77520.0","70475.0","65426.0","","1359781.0","1363114.0","1363114.0","1363114.0","1363114.0","1363114.0","1363114.0","1363114.0","1363114.0","1363115.0","1363114.0","1363114.0","1363114.0","1363114.0","1364944.0","1364944.0","1364944.0","1364944.0","1364944.0","1364944.0","1364944.0","1364944.0","1364944.0","1364944.0","1364944.0","1364944.0","1364944.0","1367656.0","1367656.0","1367656.0","1367656.0","1367656.0","1367656.0","","0.82","0.84","0.78","0.82","0.9","0.87","0.86","0.88","0.84","0.81","0.72","0.73","1.29","3.77","5.74","7.14","8.72","8.84","8.64","7.95","7.66","7.32","6.67","6.15","5.95","5.82","6.06","5.96","6.27","5.77","5.67","5.15","4.78"
"KY","Kentucky","22515.0","25124.0","24066.0","22874.0","23219.0","22937.0","23076.0","22623.0","23733.0","22770.0","22940.0","22328.0","24361.0","130151.0","182097.0","199030.0","260792.0","256317.0","253250.0","246865.0","244342.0","206005.0","197702.0","181169.0","172145.0","159565.0","150748.0","158659.0","146091.0","141290.0","136779.0","141811.0","128376.0","","1890475.0","1890475.0","1890475.0","1890475.0","1890475.0","1890475.0","1890475.0","1890475.0","1890475.0","1890475.0","1890475.0","1890475.0","1890475.0","1890475.0","1893451.0","1893451.0","1893451.0","1893451.0","1893451.0","1893451.0","1893451.0","1893451.0","1893451.0","1893451.0","1893451.0","1893451.0","1893451.0","1896673.0","1896673.0","1896673.0","1896673.0","1896673.0","1896673.0","","1.19","1.33","1.27","1.21","1.23","1.21","1.22","1.2","1.26","1.2","1.21","1.18","1.29","6.88","9.62","10.51","13.77","13.54","13.38","13.04","12.9","10.88","10.44","9.57","9.09","8.43","7.96","8.37","7.7","7.45","7.21","7.48","6.77"
"LA","Louisiana","16553.0","15957.0","16076.0","15500.0","16189.0","15051.0","15057.0","14640.0","15289.0","14199.0","13987.0","14143.0","58027.0","116690.0","217532.0","246296.0","300657.0","310013.0","325136.0","326504.0","328409.0","301598.0","305083.0","306358.0","300389.0","306089.0","313157.0","312893.0","313117.0","324357.0","327467.0","299974.0","255068.0","","1890973.0","1892522.0","1892522.0","1892522.0","1892522.0","1892522.0","1892522.0","1892522.0","1892522.0","1892522.0","1892522.0","1892522.0","1892522.0","1892522.0","1891334.0","1891334.0","1891334.0","1891334.0","1891334.0","1891334.0","1891334.0","1891334.0","1891334.0","1891334.0","1891334.0","1891334.0","1891334.0","1889866.0","1889866.0","1889866.0","1889866.0","1889866.0","1889866.0","","0.88","0.84","0.85","0.82","0.86","0.8","0.8","0.77","0.81","0.75","0.74","0.75","3.07","6.17","11.5","13.02","15.9","16.39","17.19","17.26","17.36","15.95","16.13","16.2","15.88","16.18","16.56","16.56","16.57","17.16","17.33","15.87","13.5"
"ME","Maine","7828.0","7832.0","8661.0","8457.0","8916.0","8809.0","8896.0","8624.0","9007.0","8739.0","8451.0","8703.0","21967.0","41339.0","55723.0","66525.0","73141.0","76773.0","87280.0","92207.0","138219.0","162256.0","78247.0","66966.0","64717.0","62989.0","63635.0","60623.0","60614.0","62377.0","53480.0","50885.0","46605.0","","601875.0","602736.0","602736.0","602736.0","602736.0","602736.0","602736.0","602736.0","602736.0","602736.0","602736.0","602736.0","602736.0","602736.0","603932.0","603932.0","603932.0","603932.0","603932.0","603932.0","603932.0","603932.0","603932.0","603932.0","603932.0","603932.0","603932.0","607641.0","607641.0","607641.0","607641.0","607641.0","607641.0","","1.3","1.3","1.44","1.4","1.48","1.46","1.48","1.43","1.49","1.45","1.4","1.44","3.64","6.86","9.23","11.02","12.11","12.71","14.45","15.27","22.89","26.87","12.96","11.09","10.72","10.43","10.54","9.98","9.98","10.27","8.8","8.37","7.67"
"MD","Maryland","30571.0","31292.0","29203.0","29231.0","29788.0","29342.0","29219.0","29095.0","28412.0","28061.0","27039.0","26460.0","47954.0","92090.0","160897.0","201435.0","224315.0","227043.0","254713.0","253518.0","255313.0","246815.0","247237.0","250568.0","244172.0","233592.0","246727.0","234264.0","232305.0","219029.0","203445.0","194391.0","180568.0","","2547265.0","2549408.0","2549408.0","2549408.0","2549408.0","2549408.0","2549408.0","2549408.0","2549408.0","2549408.0","2549408.0","2549408.0","2549408.0","2549408.0","2555073.0","2555073.0","2555073.0","2555073.0","2555073.0","2555073.0","2555073.0","2555073.0","2555073.0","2555073.0","2555073.0","2555073.0","2555073.0","2551522.0","2551522.0","2551522.0","2551522.0","2551522.0","2551522.0","","1.2","1.23","1.15","1.15","1.17","1.15","1.15","1.14","1.11","1.1","1.06","1.04","1.88","3.61","6.3","7.88","8.78","8.89","9.97","9.92","9.99","9.66","9.68","9.81","9.56","9.14","9.66","9.18","9.1","8.58","7.97","7.62","7.08"
"MA","Massachusetts","76528.0","79521.0","75076.0","75529.0","76927.0","76492.0","76912.0","77091.0","83220.0","75552.0","74336.0","83127.0","183105.0","310211.0","361600.0","467552.0","532508.0","569956.0","575569.0","589545.0","594515.0","599751.0","574019.0","577991.0","566165.0","557288.0","557705.0","537302.0","519211.0","511477.0","512245.0","456548.0","435742.0","","3546144.0","3557761.0","3557761.0","3557761.0","3557761.0","3557761.0","3557761.0","3557761.0","3557761.0","3557761.0","3557761.0","3557761.0","3557761.0","3557761.0","3568892.0","3568892.0","3568892.0","3568892.0","3568892.0","3568892.0","3568892.0","3568892.0","3568892.0","3568892.0","3568892.0","3568892.0","3568892.0","3578753.0","3578753.0","3578753.0","3578753.0","3578753.0","3578753.0","","2.16","2.24","2.11","2.12","2.16","2.15","2.16","2.17","2.34","2.12","2.09","2.34","5.15","8.72","10.13","13.1","14.92","15.97","16.13","16.52","16.66","16.8","16.08","16.2","15.86","15.62","15.63","15.01","14.51","14.29","14.31","12.76","12.18"
"MI","Michigan","72103.0","89760.0","84136.0","91306.0","82775.0","79833.0","79149.0","78029.0","78570.0","77661.0","75757.0","75075.0","88183.0","366426.0","749011.0","937520.0","934599.0","996374.0","973278.0","994188.0","985294.0","933181.0","756276.0","726922.0","584424.0","633953.0","529147.0","604846.0","519655.0","592707.0","514836.0","535218.0","428028.0","","4298761.0","4302198.0","4302198.0","4302198.0","4302198.0","4302198.0","4302198.0","4302198.0","4302198.0","4302198.0","4302198.0","4302198.0","4302198.0","4302198.0","4305711.0","4305711.0","4305711.0","4305711.0","4305711.0","4305711.0","4305711.0","4305711.0","4305711.0","4305711.0","4305711.0","4305711.0","4305711.0","4305848.0","4305848.0","4305848.0","4305848.0","4305848.0","4305848.0","","1.68","2.09","1.96","2.12","1.92","1.86","1.84","1.81","1.83","1.81","1.76","1.75","2.05","8.52","17.4","21.77","21.71","23.14","22.6","23.09","22.88","21.67","17.56","16.88","13.57","14.72","12.29","14.05","12.07","13.77","11.96","12.43","9.94"
"MN","Minnesota","68226.0","66377.0","62628.0","61704.0","62189.0","64105.0","63956.0","62200.0","61696.0","62767.0","61781.0","66787.0","160873.0","248023.0","341578.0","391284.0","416993.0","420212.0","429187.0","427690.0","416668.0","397899.0","398799.0","371930.0","351772.0","337382.0","326245.0","332040.0","314937.0","305530.0","288215.0","259525.0","244418.0","","2853412.0","2859937.0","2859937.0","2859937.0","2859937.0","2859937.0","2859937.0","2859937.0","2859937.0","2859937.0","2859937.0","2859937.0","2859937.0","2859937.0","2864234.0","2864234.0","2864234.0","2864234.0","2864234.0","2864234.0","2864234.0","2864234.0","2864234.0","2864234.0","2864234.0","2864234.0","2864234.0","2868184.0","2868184.0","2868184.0","2868184.0","2868184.0","2868184.0","","2.39","2.32","2.19","2.16","2.17","2.24","2.24","2.17","2.16","2.19","2.16","2.34","5.63","8.67","11.93","13.66","14.56","14.67","14.98","14.93","14.55","13.89","13.92","12.99","12.28","11.78","11.39","11.58","10.98","10.65","10.05","9.05","8.52"
"MS","Mississippi","9681.0","9536.0","8804.0","8562.0","8674.0","8261.0","8216.0","7922.0","7842.0","7416.0","7098.0","6667.0","9581.0","29373.0","60737.0","93005.0","135722.0","162078.0","208270.0","189886.0","184150.0","174808.0","148902.0","123192.0","97069.0","147624.0","137330.0","100191.0","122686.0","104109.0","121168.0","138762.0","95913.0","","1107596.0","1108618.0","1108618.0","1108618.0","1108618.0","1108618.0","1108618.0","1108618.0","1108618.0","1108618.0","1108618.0","1108618.0","1108618.0","1108618.0","1109819.0","1109819.0","1109819.0","1109819.0","1109819.0","1109819.0","1109819.0","1109819.0","1109819.0","1109819.0","1109819.0","1109819.0","1109819.0","1110126.0","1110126.0","1110126.0","1110126.0","1110126.0","1110126.0","","0.87","0.86","0.79","0.77","0.78","0.75","0.74","0.71","0.71","0.67","0.64","0.6","0.86","2.65","5.47","8.38","12.23","14.6","18.77","17.11","16.59","15.75","13.42","11.1","8.75","13.3","12.37","9.03","11.05","9.38","10.91","12.5","8.64"
"MO","Missouri","29785.0","30140.0","29945.0","29170.0","29854.0","27906.0","27362.0","27035.0","26949.0","25225.0","22381.0","21538.0","49470.0","121467.0","178710.0","227557.0","255798.0","246663.0","266230.0","261840.0","255374.0","242173.0","236531.0","218596.0","210195.0","204121.0","205120.0","197311.0","177150.0","182144.0","175874.0","147017.0","132730.0","","2745404.0","2749100.0","2749100.0","2749100.0","2749100.0","2749100.0","2749100.0","2749100.0","2749100.0","2749100.0","2749100.0","2749100.0","2749100.0","2749100.0","2794254.0","2794254.0","2794254.0","2794254.0","2794254.0","2794254.0","2794254.0","2794254.0","2794254.0","2794254.0","2794254.0","2794254.0","2794254.0","2744087.0","2744087.0","2744087.0","2744087.0","2744087.0","2744087.0","","1.08","1.1","1.09","1.06","1.09","1.02","1.0","0.98","0.98","0.92","0.81","0.78","1.8","4.42","6.4","8.14","9.15","8.83","9.53","9.37","9.14","8.67","8.46","7.82","7.52","7.31","7.34","7.19","6.46","6.64","6.41","5.36","4.84"
"MT","Montana","11056.0","11756.0","11254.0","11830.0","11527.0","11489.0","11479.0","11308.0","11296.0","10782.0","10112.0","9818.0","19099.0","36819.0","53482.0","65073.0","67473.0","63134.0","58905.0","53786.0","49917.0","48506.0","46305.0","44298.0","42681.0","41027.0","39032.0","39084.0","36715.0","34702.0","33450.0","27583.0","27840.0","","453040.0","454298.0","454298.0","454298.0","454298.0","454298.0","454298.0","454298.0","454298.0","454298.0","454298.0","454298.0","454298.0","454298.0","455906.0","455906.0","455906.0","455906.0","455906.0","455906.0","455906.0","455906.0","455906.0","455906.0","455906.0","455906.0","455906.0","457148.0","457148.0","457148.0","457148.0","457148.0","457148.0","","2.44","2.59","2.48","2.6","2.54","2.53","2.53","2.49","2.49","2.37","2.23","2.16","4.2","8.1","11.73","14.27","14.8","13.85","12.92","11.8","10.95","10.64","10.16","9.72","9.36","9.0","8.56","8.55","8.03","7.59","7.32","6.03","6.09"
"NE","Nebraska","5165.0","5694.0","4940.0","5107.0","5884.0","5693.0","5804.0","5780.0","6286.0","5581.0","5076.0","4859.0","16641.0","38921.0","60416.0","72078.0","76628.0","68882.0","68089.0","62962.0","61604.0","62465.0","60479.0","57402.0","57246.0","56831.0","58199.0","56954.0","53151.0","47311.0","46361.0","39144.0","32095.0","","963465.0","962725.0","962725.0","962725.0","962725.0","962725.0","962725.0","962725.0","962725.0","962725.0","962725.0","962725.0","962725.0","962725.0","965476.0","965476.0","965476.0","965476.0","965476.0","963512.0","963512.0","963512.0","963512.0","963512.0","963512.0","963512.0","963512.0","964840.0","964840.0","964840.0","964840.0","964840.0","964840.0","","0.54","0.59","0.51","0.53","0.61","0.59","0.6","0.6","0.65","0.58","0.53","0.5","1.73","4.04","6.26","7.47","7.94","7.13","7.05","6.53","6.39","6.48","6.28","5.96","5.94","5.9","6.04","5.9","5.51","4.9","4.81","4.06","3.33"
"NV","Nevada","20801.0","19823.0","19328.0","19025.0","19177.0","19225.0","19585.0","19472.0","20044.0","19850.0","19475.0","19822.0","58798.0","131121.0","189007.0","231618.0","274850.0","303573.0","324444.0","369041.0","343030.0","335043.0","334182.0","312009.0","294649.0","286943.0","287968.0","295994.0","306077.0","346138.0","327954.0","335968.0","240346.0","","1362256.0","1371969.0","1371969.0","1371969.0","1371969.0","1371969.0","1371969.0","1371969.0","1371969.0","1371969.0","1371969.0","1371969.0","1371969.0","1371969.0","1379654.0","1379654.0","1379654.0","1379654.0","1379654.0","1379654.0","1379654.0","1379654.0","1379654.0","1379654.0","1379654.0","1379654.0","1379654.0","1388109.0","1388109.0","1388109.0","1388109.0","1388109.0","1388109.0","","1.53","1.44","1.41","1.39","1.4","1.4","1.43","1.42","1.46","1.45","1.42","1.44","4.29","9.56","13.7","16.79","19.92","22.0","23.52","26.75","24.86","24.28","24.22","22.62","21.36","20.8","20.87","21.32","22.05","24.94","23.63","24.2","17.31"
"NH","New Hampshire","4468.0","4575.0","4215.0","4202.0","4033.0","4050.0","4015.0","3936.0","4048.0","4475.0","3909.0","4024.0","27321.0","52166.0","79979.0","93783.0","106841.0","115580.0","116768.0","114450.0","109184.0","100769.0","102189.0","98440.0","92776.0","86586.0","74476.0","72523.0","71824.0","66396.0","61496.0","55239.0","49836.0","","652934.0","654468.0","654468.0","654468.0","654468.0","654468.0","654468.0","654468.0","654468.0","654468.0","654468.0","654468.0","654468.0","654468.0","649845.0","649845.0","649845.0","649845.0","649845.0","649845.0","649845.0","649845.0","649845.0","649845.0","649845.0","649845.0","649845.0","657391.0","657391.0","657391.0","657391.0","657391.0","657391.0","","0.68","0.7","0.64","0.64","0.62","0.62","0.61","0.6","0.62","0.68","0.6","0.61","4.17","7.97","12.31","14.43","16.44","17.79","17.97","17.61","16.8","15.51","15.73","15.15","14.28","13.32","11.46","11.03","10.93","10.1","9.35","8.4","7.58"
"NJ","New Jersey","111335.0","120461.0","108425.0","107082.0","110022.0","109931.0","110016.0","109265.0","110902.0","107646.0","104283.0","105840.0","156181.0","276119.0","429388.0","556005.0","621753.0","642651.0","715433.0","601770.0","586532.0","547913.0","559057.0","538269.0","528173.0","519167.0","491778.0","491296.0","476539.0","485809.0","467370.0","426519.0","420062.0","","4007202.0","4015146.0","4015146.0","4015146.0","4015146.0","4015146.0","4015146.0","4015146.0","4015146.0","4015146.0","4015146.0","4015146.0","4015146.0","4015146.0","4025826.0","4025826.0","4025826.0","4025826.0","4025826.0","4025826.0","4025826.0","4025826.0","4025826.0","4025826.0","4025826.0","4025826.0","4025826.0","4034480.0","4034480.0","4034480.0","4034480.0","4034480.0","4034480.0","","2.78","3.0","2.7","2.67","2.74","2.74","2.74","2.72","2.76","2.68","2.6","2.64","3.89","6.88","10.67","13.81","15.44","15.96","17.77","14.95","14.57","13.61","13.89","13.37","13.12","12.9","12.22","12.18","11.81","12.04","11.58","10.57","10.41"
"NM","New Mexico","10140.0","10310.0","9920.0","10137.0","10066.0","9965.0","9987.0","10051.0","10039.0","9845.0","9566.0","9288.0","20087.0","44829.0","62686.0","80986.0","94149.0","96157.0","101132.0","103949.0","108714.0","105755.0","104019.0","102087.0","100348.0","95903.0","96390.0","92108.0","97940.0","97432.0","99358.0","93826.0","93252.0","","796105.0","799085.0","799085.0","799085.0","799085.0","799085.0","799085.0","799085.0","799085.0","799085.0","799085.0","799085.0","799085.0","799085.0","802978.0","802978.0","802978.0","802978.0","802978.0","802978.0","802978.0","802978.0","802978.0","802978.0","802978.0","802978.0","802978.0","806473.0","806473.0","806473.0","806473.0","806473.0","806473.0","","1.27","1.29","1.24","1.27","1.26","1.25","1.25","1.26","1.26","1.23","1.2","1.16","2.51","5.61","7.81","10.09","11.72","11.98","12.59","12.95","13.54","13.17","12.95","12.71","12.5","11.94","12.0","11.42","12.14","12.08","12.32","11.63","11.56"
"NY","New York","181668.0","184283.0","164588.0","164044.0","165715.0","163393.0","164111.0","163220.0","182691.0","161892.0","158268.0","167214.0","314710.0","712544.0","1121191.0","1354496.0","1616809.0","1749571.0","1846154.0","1873935.0","1811012.0","1756703.0","1694809.0","1677037.0","1649863.0","1611991.0","1598667.0","1520832.0","1535579.0","1539400.0","1557464.0","1439927.0","1456038.0","","9351620.0","9380736.0","9380736.0","9380736.0","9380736.0","9380736.0","9380736.0","9380736.0","9380736.0","9380736.0","9380736.0","9380736.0","9380736.0","9380736.0","9408510.0","9408510.0","9408510.0","9408510.0","9408510.0","9408510.0","9408510.0","9408510.0","9408510.0","9408510.0","9408510.0","9408510.0","9408510.0","9429172.0","9429172.0","9429172.0","9429172.0","9429172.0","9429172.0","","1.94","1.96","1.75","1.75","1.77","1.74","1.75","1.74","1.95","1.73","1.69","1.78","3.35","7.6","11.92","14.4","17.18","18.6","19.62","19.92","19.25","18.67","18.01","17.82","17.54","17.13","16.99","16.13","16.29","16.33","16.52","15.27","15.44"
"NC","North Carolina","20848.0","21239.0","22247.0","22415.0","22342.0","22044.0","21972.0","21630.0","21188.0","20196.0","19683.0","20652.0","75220.0","245692.0","362989.0","468283.0","555039.0","591045.0","619809.0","605709.0","564068.0","547988.0","537652.0","524787.0","529343.0","463568.0","412353.0","365770.0","327363.0","315116.0","283907.0","242813.0","218265.0","","4362309.0","4381417.0","4381417.0","4381417.0","4381417.0","4381417.0","4381417.0","4381417.0","4381417.0","4381417.0","4381417.0","4381417.0","4381417.0","4381417.0","4402750.0","4402750.0","4402750.0","4402750.0","4402750.0","4402750.0","4402750.0","4402750.0","4402750.0","4402750.0","4402750.0","4402750.0","4402750.0","4423164.0","4423164.0","4423164.0","4423164.0","4423164.0","4423164.0","","0.48","0.48","0.51","0.51","0.51","0.5","0.5","0.49","0.48","0.46","0.45","0.47","1.72","5.61","8.24","10.64","12.61","13.42","14.08","13.76","12.81","12.45","12.21","11.92","12.02","10.53","9.37","8.27","7.4","7.12","6.42","5.49","4.93"
"ND","North Dakota","5785.0","6171.0","6809.0","7179.0","6782.0","6838.0","6924.0","6886.0","6795.0","6543.0","6349.0","6169.0","8534.0","16036.0","24554.0","33563.0","35513.0","35827.0","35921.0","32399.0","31100.0","30806.0","29855.0","29103.0","28736.0","28446.0","27021.0","27625.0","25974.0","24988.0","23739.0","20483.0","18072.0","","409901.0","411624.0","411624.0","411624.0","411624.0","411624.0","411624.0","411624.0","411624.0","411624.0","411624.0","411624.0","411624.0","411624.0","412797.0","412797.0","412797.0","412797.0","412797.0","412797.0","412797.0","412797.0","412797.0","412797.0","412797.0","412797.0","412797.0","413529.0","413529.0","413529.0","413529.0","413529.0","413529.0","","1.41","1.5","1.65","1.74","1.65","1.66","1.68","1.67","1.65","1.59","1.54","1.5","2.07","3.9","5.95","8.13","8.6","8.68","8.7","7.85","7.53","7.46","7.23","7.05","6.96","6.89","6.55","6.68","6.28","6.04","5.74","4.95","4.37"
"OH","Ohio","73287.0","78391.0","72855.0","72002.0","72622.0","71442.0","71214.0","70924.0","70655.0","73123.0","68516.0","68323.0","214273.0","450061.0","622669.0","717842.0","777214.0","759435.0","745886.0","704784.0","636869.0","566546.0","533347.0","492958.0","466363.0","448112.0","433867.0","434257.0","428880.0","426858.0","409323.0","378157.0","362896.0","","5327431.0","5338723.0","5338723.0","5338723.0","5338723.0","5338723.0","5338723.0","5338723.0","5338723.0","5338723.0","5338723.0","5338723.0","5338723.0","5338723.0","5346565.0","5346565.0","5346565.0","5346565.0","5346565.0","5346565.0","5346565.0","5346565.0","5346565.0","5346565.0","5346565.0","5346565.0","5346565.0","5346565.0","5352988.0","5352988.0","5352988.0","5352988.0","5352988.0","","1.38","1.47","1.36","1.35","1.36","1.34","1.33","1.33","1.32","1.37","1.28","1.28","4.01","8.43","11.65","13.43","14.54","14.2","13.95","13.18","11.91","10.6","9.98","9.22","8.72","8.38","8.11","8.12","8.01","7.97","7.65","7.06","6.78"
"OK","Oklahoma","18080.0","19387.0","17467.0","17291.0","17451.0","17757.0","17513.0","17269.0","16929.0","17067.0","16482.0","16854.0","25268.0","55029.0","88330.0","112311.0","134550.0","154671.0","178122.0","135229.0","139196.0","172309.0","156795.0","173361.0","182191.0","165298.0","131034.0","131932.0","127134.0","127617.0","123121.0","129971.0","123305.0","","1560077.0","1565634.0","1565634.0","1565634.0","1565634.0","1565634.0","1565634.0","1565634.0","1565634.0","1565634.0","1565634.0","1565634.0","1565634.0","1565634.0","1568967.0","1568967.0","1568967.0","1568967.0","1568967.0","1568967.0","1568967.0","1568967.0","1568967.0","1568967.0","1568967.0","1568967.0","1568967.0","1570740.0","1570740.0","1570740.0","1570740.0","1570740.0","1570740.0","","1.16","1.24","1.12","1.1","1.11","1.13","1.12","1.1","1.08","1.09","1.05","1.08","1.61","3.51","5.63","7.16","8.58","9.86","11.35","8.62","8.87","10.98","9.99","11.05","11.61","10.54","8.35","8.4","8.09","8.12","7.84","8.27","7.85"
"OR","Oregon","35451.0","36039.0","31604.0","32306.0","31876.0","31658.0","31167.0","30548.0","30165.0","29517.0","29002.0","30523.0","63930.0","118729.0","176154.0","217039.0","284486.0","308989.0","309543.0","290151.0","293081.0","256759.0","275768.0","251869.0","224476.0","216513.0","203600.0","206756.0","196415.0","190993.0","189136.0","175153.0","169905.0","","1898680.0","1906429.0","1906429.0","1906429.0","1906429.0","1906429.0","1906429.0","1906429.0","1906429.0","1906429.0","1906429.0","1906429.0","1906429.0","1906429.0","1914153.0","1914153.0","1914153.0","1914153.0","1914153.0","1914153.0","1914153.0","1914153.0","1914153.0","1914153.0","1914153.0","1914153.0","1914153.0","1921964.0","1921964.0","1921964.0","1921964.0","1921964.0","1921964.0","","1.87","1.89","1.66","1.69","1.67","1.66","1.63","1.6","1.58","1.55","1.52","1.6","3.35","6.23","9.2","11.34","14.86","16.14","16.17","15.16","15.31","13.41","14.41","13.16","11.73","11.31","10.64","10.76","10.22","9.94","9.84","9.11","8.84"
"PA","Pennsylvania","135411.0","163882.0","142326.0","140027.0","135951.0","142004.0","136149.0","142306.0","135095.0","136931.0","128842.0","128029.0","135708.0","566464.0","614196.0","1074660.0","915249.0","1233299.0","1049464.0","1008886.0","907252.0","1019571.0","846788.0","913810.0","748874.0","809609.0","651160.0","815282.0","670901.0","753353.0","633057.0","673093.0","593016.0","","5787653.0","5800562.0","5800562.0","5800562.0","5800562.0","5800562.0","5800562.0","5800562.0","5800562.0","5800562.0","5800562.0","5800562.0","5800562.0","5800562.0","5814461.0","5814461.0","5814461.0","5814461.0","5814461.0","5814461.0","5814461.0","5814461.0","5814461.0","5814461.0","5814461.0","5814461.0","5814461.0","5827122.0","5827122.0","5827122.0","5827122.0","5827122.0","5827122.0","","2.34","2.83","2.45","2.41","2.34","2.45","2.35","2.45","2.33","2.36","2.22","2.21","2.34","9.77","10.56","18.48","15.74","21.21","18.05","17.35","15.6","17.54","14.56","15.72","12.88","13.92","11.2","13.99","11.51","12.93","10.86","11.55","10.18"
"PR","Puerto Rico","17194.0","15746.0","22291.0","22725.0","23857.0","23157.0","21114.0","20765.0","19480.0","18657.0","18704.0","15239.0","19230.0","49669.0","86474.0","109672.0","153421.0","145140.0","164034.0","152823.0","194272.0","162538.0","180722.0","175974.0","196503.0","217712.0","229039.0","223340.0","211358.0","202321.0","164500.0","186239.0","164841.0","","848044.0","852292.0","852292.0","852292.0","852292.0","852292.0","852292.0","852292.0","852292.0","852292.0","852292.0","852292.0","852292.0","852292.0","856124.0","856124.0","856124.0","856124.0","856124.0","856124.0","856124.0","856124.0","856124.0","856124.0","856124.0","856124.0","856124.0","859886.0","859886.0","859886.0","859886.0","859886.0","859886.0","","2.03","1.85","2.62","2.67","2.8","2.72","2.48","2.44","2.29","2.19","2.19","1.79","2.26","5.83","10.1","12.81","17.92","16.95","19.16","17.85","22.69","18.99","21.11","20.55","22.95","25.43","26.75","25.97","24.58","23.53","19.13","21.66","19.17"
"RI","Rhode Island","12109.0","12299.0","10987.0","10750.0","11042.0","11051.0","11164.0","11199.0","12384.0","11130.0","10692.0","10857.0","31847.0","56038.0","70935.0","79140.0","96663.0","97573.0","94083.0","89247.0","87966.0","78496.0","76946.0","73083.0","69236.0","67100.0","66304.0","65377.0","63177.0","63285.0","60470.0","55965.0","51095.0","","471911.0","472874.0","472874.0","472874.0","472874.0","472874.0","472874.0","472874.0","472874.0","472874.0","472874.0","472874.0","472874.0","472874.0","473597.0","473597.0","473597.0","473597.0","473597.0","473597.0","473597.0","473597.0","473597.0","473597.0","473597.0","473597.0","473597.0","474428.0","474428.0","474428.0","474428.0","474428.0","474428.0","","2.57","2.6","2.32","2.27","2.34","2.34","2.36","2.37","2.62","2.35","2.26","2.3","6.73","11.85","14.98","16.71","20.41","20.6","19.87","18.84","18.57","16.57","16.25","15.43","14.62","14.17","14.0","13.78","13.32","13.34","12.75","11.8","10.77"
"SC","South Carolina","18922.0","21587.0","18780.0","17113.0","17061.0","16669.0","16547.0","16239.0","15779.0","15341.0","15032.0","15111.0","30341.0","75521.0","126994.0","179769.0","240956.0","260409.0","268701.0","256676.0","241793.0","214814.0","212570.0","200903.0","198224.0","197125.0","187282.0","201097.0","200340.0","197886.0","191064.0","170983.0","161012.0","","2070232.0","2077535.0","2077535.0","2077535.0","2077535.0","2077535.0","2077535.0","2077535.0","2077535.0","2077535.0","2077535.0","2077535.0","2077535.0","2077535.0","2087060.0","2087060.0","2087060.0","2087060.0","2087060.0","2087060.0","2087060.0","2087060.0","2087060.0","2087060.0","2087060.0","2087060.0","2087060.0","2093284.0","2093284.0","2093284.0","2093284.0","2093284.0","2093284.0","","0.91","1.04","0.9","0.82","0.82","0.8","0.8","0.78","0.76","0.74","0.72","0.73","1.46","3.64","6.08","8.61","11.55","12.48","12.87","12.3","11.59","10.29","10.19","9.63","9.5","9.45","8.97","9.61","9.57","9.45","9.13","8.17","7.69"
"SD","South Dakota","2798.0","2970.0","2995.0","3071.0","3155.0","3117.0","3196.0","3164.0","3116.0","3059.0","2870.0","2674.0","3538.0","7568.0","14431.0","19664.0","22707.0","23791.0","23388.0","25186.0","22454.0","19629.0","20573.0","18649.0","17163.0","17142.0","15942.0","18722.0","16600.0","15643.0","15464.0","14715.0","8949.0","","416296.0","417030.0","417030.0","417030.0","417030.0","417030.0","417030.0","417030.0","417030.0","417030.0","417030.0","417030.0","417030.0","417030.0","417997.0","417997.0","417997.0","417997.0","417997.0","417997.0","417997.0","417997.0","417997.0","417997.0","417997.0","417997.0","417997.0","418749.0","418749.0","418749.0","418749.0","418749.0","418749.0","","0.67","0.71","0.72","0.74","0.76","0.75","0.77","0.76","0.75","0.73","0.69","0.64","0.85","1.81","3.45","4.7","5.43","5.69","5.6","6.03","5.37","4.7","4.92","4.46","4.11","4.1","3.81","4.47","3.96","3.74","3.69","3.51","2.14"
"TN","Tennessee","22163.0","22398.0","20441.0","20786.0","21364.0","20670.0","20485.0","20139.0","20413.0","19035.0","18450.0","18350.0","37541.0","116179.0","206472.0","279895.0","341033.0","340249.0","343212.0","332745.0","327768.0","322117.0","310065.0","297873.0","283631.0","279199.0","273815.0","268220.0","260009.0","258469.0","242385.0","224750.0","219023.0","","3250062.0","3263988.0","3263988.0","3263988.0","3263988.0","3263988.0","3263988.0","3263988.0","3263988.0","3263988.0","3263988.0","3263988.0","3263988.0","3263988.0","3278927.0","3278927.0","3278927.0","3278927.0","3278927.0","3278927.0","3278927.0","3278927.0","3278927.0","3278927.0","3278927.0","3278927.0","3278927.0","3310273.0","3310273.0","3310273.0","3310273.0","3310273.0","3310827.0","","0.68","0.69","0.63","0.64","0.65","0.63","0.63","0.62","0.63","0.58","0.57","0.56","1.15","3.56","6.3","8.54","10.4","10.38","10.47","10.15","10.0","9.82","9.46","9.08","8.65","8.51","8.35","8.1","7.85","7.81","7.32","6.79","6.62"
"TX","Texas","141473.0","140768.0","145126.0","132656.0","140826.0","128666.0","133475.0","127275.0","133247.0","125252.0","127905.0","126427.0","144697.0","374656.0","632470.0","911923.0","962122.0","1133324.0","1181609.0","1300576.0","1272557.0","1401773.0","1215507.0","1297296.0","1221813.0","1301714.0","1237931.0","1313086.0","1247269.0","1338900.0","1228250.0","1221540.0","1101708.0","","12168097.0","12236594.0","12236594.0","12236594.0","12236594.0","12236594.0","12236594.0","12236594.0","12236594.0","12236594.0","12236594.0","12236594.0","12236594.0","12236594.0","12304547.0","12304547.0","12304547.0","12304547.0","12304547.0","12304547.0","12304547.0","12304547.0","12304547.0","12304547.0","12304547.0","12304547.0","12304547.0","12372188.0","12372188.0","12372188.0","12372188.0","12372188.0","12372188.0","","1.16","1.15","1.19","1.08","1.15","1.05","1.09","1.04","1.09","1.02","1.05","1.03","1.18","3.06","5.14","7.41","7.82","9.21","9.6","10.57","10.34","11.39","9.88","10.54","9.93","10.58","10.06","10.61","10.08","10.82","9.93","9.87","8.9"
"UT","Utah","11328.0","11787.0","12061.0","12061.0","11872.0","12187.0","12131.0","11960.0","11451.0","11077.0","10701.0","10826.0","24635.0","45161.0","72798.0","88281.0","89495.0","92872.0","91591.0","86298.0","82054.0","79316.0","78145.0","75383.0","73619.0","72216.0","70639.0","69999.0","68097.0","66351.0","64015.0","57868.0","51910.0","","1454279.0","1459679.0","1459679.0","1459679.0","1459679.0","1459679.0","1459679.0","1459679.0","1459679.0","1459679.0","1459679.0","1459679.0","1459679.0","1459679.0","1474336.0","1474336.0","1474336.0","1474336.0","1474336.0","1474336.0","1474336.0","1474336.0","1474336.0","1474336.0","1474336.0","1474336.0","1474336.0","1483888.0","1483888.0","1483888.0","1483888.0","1483888.0","1483888.0","","0.78","0.81","0.83","0.83","0.81","0.83","0.83","0.82","0.78","0.76","0.73","0.74","1.69","3.09","4.94","5.99","6.07","6.3","6.21","5.85","5.57","5.38","5.3","5.11","4.99","4.9","4.79","4.72","4.59","4.47","4.31","3.9","3.5"
"VT","Vermont","5417.0","5609.0","4961.0","4986.0","5006.0","4824.0","4931.0","4872.0","5039.0","5219.0","4896.0","4810.0","13797.0","21953.0","31204.0","64313.0","76457.0","60535.0","57040.0","55103.0","50285.0","46316.0","45207.0","43338.0","42681.0","42420.0","39089.0","38335.0","38405.0","37797.0","35847.0","31783.0","29962.0","","303175.0","303508.0","303508.0","303508.0","303508.0","303508.0","303508.0","303508.0","303508.0","303508.0","303508.0","303508.0","303508.0","303508.0","303379.0","303379.0","303379.0","303379.0","303379.0","303379.0","303379.0","303379.0","303379.0","303379.0","303379.0","303379.0","303379.0","303295.0","303295.0","303295.0","303295.0","303295.0","303295.0","","1.79","1.85","1.63","1.64","1.65","1.59","1.62","1.61","1.66","1.72","1.61","1.58","4.55","7.23","10.29","21.2","25.2","19.95","18.8","18.16","16.57","15.27","14.9","14.29","14.07","13.98","12.88","12.64","12.66","12.46","11.82","10.48","9.88"
"VI","Virgin Islands","468.0","534.0","562.0","552.0","516.0","522.0","508.0","508.0","562.0","586.0","592.0","584.0","512.0","658.0","776.0","1322.0","1468.0","1882.0","2812.0","3572.0","4534.0","4642.0","5564.0","5734.0","6294.0","6194.0","4638.0","5574.0","5330.0","4842.0","3518.0","5048.0","4710.0","","33306.0","34238.0","34238.0","34238.0","34238.0","34238.0","34238.0","34238.0","34238.0","34238.0","34238.0","34238.0","34238.0","34238.0","35422.0","35422.0","35422.0","35422.0","35422.0","35422.0","35422.0","35422.0","35422.0","35422.0","35422.0","35422.0","35422.0","36677.0","36677.0","36677.0","36677.0","36677.0","36677.0","","1.41","1.56","1.64","1.61","1.51","1.52","1.48","1.48","1.64","1.71","1.73","1.71","1.5","1.92","2.19","3.73","4.14","5.31","7.94","10.08","12.8","13.1","15.71","16.19","17.77","17.49","13.09","15.2","14.53","13.2","9.59","13.76","12.84"
"VA","Virginia","22171.0","23577.0","22218.0","21661.0","22263.0","22049.0","22481.0","22493.0","22203.0","22714.0","21336.0","21628.0","41827.0","133184.0","236791.0","297993.0","341295.0","376689.0","392673.0","403557.0","402926.0","398411.0","396056.0","386893.0","375579.0","366714.0","378607.0","372070.0","357098.0","344826.0","331401.0","264410.0","265225.0","","3722198.0","3731069.0","3731069.0","3731069.0","3731069.0","3731069.0","3731069.0","3731069.0","3731069.0","3731069.0","3731069.0","3731069.0","3731069.0","3731069.0","3731069.0","3739821.0","3739821.0","3739821.0","3739821.0","3739821.0","3739821.0","3739821.0","3739821.0","3739821.0","3739821.0","3739821.0","3739821.0","3751738.0","3751738.0","3751738.0","3751738.0","3751738.0","3751738.0","","0.6","0.63","0.6","0.58","0.6","0.59","0.6","0.6","0.6","0.61","0.57","0.58","1.12","3.57","6.35","7.97","9.13","10.07","10.5","10.79","10.77","10.65","10.59","10.35","10.04","9.81","10.12","9.92","9.52","9.19","8.83","7.05","7.07"
"WA","Washington","70363.0","70214.0","65903.0","67705.0","65260.0","64144.0","61819.0","59819.0","58586.0","56513.0","55588.0","62623.0","158025.0","309411.0","442936.0","535185.0","573374.0","604048.0","739795.0","1045456.0","593287.0","479768.0","438156.0","410204.0","418459.0","416604.0","380975.0","387558.0","375988.0","356149.0","347205.0","308568.0","299672.0","","3317884.0","3333838.0","3333838.0","3333838.0","3333838.0","3333838.0","3333838.0","3333838.0","3333838.0","3333838.0","3333838.0","3333838.0","3333838.0","3333838.0","3351028.0","3351028.0","3351028.0","3351028.0","3351028.0","3351028.0","3351028.0","3351028.0","3351028.0","3351028.0","3351028.0","3351028.0","3351028.0","3383128.0","3383128.0","3383128.0","3383128.0","3383128.0","3383128.0","","2.12","2.11","1.98","2.03","1.96","1.92","1.85","1.79","1.76","1.7","1.67","1.88","4.74","9.28","13.22","15.97","17.11","18.03","22.08","31.2","17.7","14.32","13.08","12.24","12.49","12.43","11.37","11.46","11.11","10.53","10.26","9.12","8.86"
"WV","West Virginia","15887.0","18026.0","17681.0","16745.0","16905.0","16588.0","16856.0","17355.0","16797.0","16110.0","15394.0","14154.0","21145.0","36690.0","48597.0","96128.0","146566.0","110377.0","107405.0","98794.0","93086.0","84610.0","83162.0","75236.0","70276.0","69096.0","65556.0","64342.0","65680.0","64365.0","62696.0","57763.0","54525.0","","670192.0","670051.0","670051.0","670051.0","670051.0","670051.0","670051.0","670051.0","670051.0","670051.0","670051.0","670051.0","670051.0","670051.0","667871.0","667871.0","667871.0","667871.0","667871.0","667871.0","667871.0","667871.0","667871.0","667871.0","667871.0","667871.0","667871.0","664212.0","664212.0","664212.0","664212.0","664212.0","664212.0","","2.37","2.69","2.64","2.5","2.52","2.48","2.52","2.59","2.51","2.4","2.3","2.11","3.16","5.48","7.28","14.39","21.95","16.53","16.08","14.79","13.94","12.67","12.45","11.27","10.52","10.35","9.82","9.69","9.89","9.69","9.44","8.7","8.21"
"WI","Wisconsin","49605.0","53305.0","44776.0","44077.0","44425.0","44477.0","44163.0","43996.0","43574.0","42337.0","40738.0","43607.0","99574.0","208387.0","262847.0","299532.0","321063.0","314025.0","313248.0","308397.0","291677.0","269678.0","255805.0","238528.0","225424.0","222897.0","218553.0","224765.0","218606.0","211944.0","208649.0","180146.0","173270.0","","2848173.0","2851929.0","2851929.0","2851929.0","2851929.0","2851929.0","2851929.0","2851929.0","2851929.0","2851929.0","2851929.0","2851929.0","2851929.0","2851929.0","2853837.0","2853837.0","2853837.0","2853837.0","2853837.0","2853837.0","2853837.0","2853837.0","2853837.0","2853837.0","2853837.0","2853837.0","2853837.0","2855007.0","2855007.0","2855007.0","2855007.0","2855007.0","2855007.0","","1.74","1.87","1.57","1.55","1.56","1.56","1.55","1.54","1.53","1.48","1.43","1.53","3.49","7.31","9.21","10.5","11.25","11.0","10.98","10.81","10.22","9.45","8.96","8.36","7.9","7.81","7.66","7.87","7.66","7.42","7.31","6.31","6.07"
"WY","Wyoming","3219.0","3302.0","3301.0","3354.0","3475.0","3507.0","3699.0","3611.0","3543.0","3508.0","3375.0","3197.0","4519.0","7790.0","11212.0","14302.0","16566.0","17521.0","17928.0","17335.0","17631.0","15853.0","15552.0","15371.0","15070.0","14494.0","14048.0","13711.0","13497.0","13023.0","12854.0","11320.0","10568.0","","267362.0","268518.0","268518.0","268518.0","268518.0","268518.0","268518.0","268518.0","268518.0","268518.0","268518.0","268518.0","268518.0","268518.0","270013.0","270013.0","270013.0","270013.0","270013.0","270013.0","270013.0","270013.0","270013.0","270013.0","270013.0","270013.0","270013.0","269607.0","269604.0","269604.0","269604.0","269604.0","269604.0","","1.2","1.23","1.23","1.25","1.29","1.31","1.38","1.34","1.32","1.31","1.26","1.19","1.68","2.9","4.15","5.3","6.14","6.49","6.64","6.42","6.53","5.87","5.76","5.69","5.58","5.37","5.2","5.09","5.01","4.83","4.77","4.2","3.92"
